vehicle_count,average_speed,road_capacity,traffic_density
75,35.4,120,Medium
92,31.0,120,High
62,40.7,180,Low
100,21.5,120,High
65,33.3,120,Medium
109,25.0,120,High
59,41.7,150,Low
71,14.1,60,High
149,8.0,120,High
145,21.6,150,High
121,20.6,100,High
92,32.7,120,Medium
39,46.1,100,Low
9,45.7,150,Low
45,36.0,80,Medium
24,44.9,100,Low
33,42.4,100,Low
26,44.3,80,Low
48,40.6,100,Medium
73,35.5,120,Medium
92,29.6,120,High
46,43.8,150,Low
58,34.4,100,Medium
149,18.8,150,High
43,51.0,100,Low
67,32.6,180,Low
50,27.4,80,Medium
62,44.0,180,Low
99,16.8,100,High
95,29.8,120,High
46,38.2,120,Low
51,38.5,100,Medium
97,20.2,100,High
5,55.8,80,Low
31,43.2,100,Low
49,26.5,60,High
42,41.3,100,Low
46,36.0,100,Medium
97,22.3,120,High
124,11.2,100,High
34,42.9,60,Medium
116,15.9,120,High
150,24.4,150,High
67,36.6,120,Medium
102,14.6,100,High
195,8.0,150,High
172,9.9,150,High
32,49.6,120,Low
91,12.3,80,High
32,45.3,100,Low
76,30.1,120,Medium
79,37.4,100,Medium
131,18.8,150,High
85,26.6,80,High
74,29.6,100,Medium
30,38.1,100,Low
22,55.1,100,Low
34,39.4,80,Low
54,27.6,80,Medium
10,47.8,80,Low
53,34.3,100,Medium
79,24.3,80,High
48,50.5,120,Low
119,8.1,100,High
74,31.3,120,Medium
110,21.9,120,High
43,26.9,60,Medium
153,10.5,120,High
56,30.7,80,Medium
98,20.8,100,High
22,51.5,180,Low
5,58.6,100,Low
99,10.4,80,High
81,26.2,100,High
78,16.1,80,High
53,42.6,150,Low
88,12.0,80,High
73,25.4,100,High
55,40.4,100,Medium
125,25.1,120,High
66,30.4,100,Medium
90,32.4,150,Medium
52,27.0,80,Medium
152,15.9,150,High
116,32.8,150,Medium
84,31.8,120,Medium
73,42.8,120,Medium
61,45.4,120,Medium
35,40.3,80,Low
81,38.2,150,Medium
114,32.7,180,Medium
102,22.2,100,High
146,9.6,120,High
18,41.1,150,Low
120,10.1,100,High
56,34.0,80,Medium
79,35.3,150,Medium
9,57.8,120,Low
12,57.1,100,Low
85,30.1,120,Medium
26,42.8,60,Low
58,36.6,80,Medium
143,15.6,150,High
88,12.9,80,High
67,23.1,80,High
10,51.9,120,Low
162,22.7,150,High
171,17.6,150,High
116,22.3,120,High
49,33.3,80,Medium
116,26.9,120,High
189,16.1,180,High
144,15.9,120,High
52,30.4,60,High
73,33.9,100,Medium
36,44.1,150,Low
139,18.2,150,High
177,12.1,150,High
44,41.5,120,Low
5,55.4,100,Low
43,26.4,60,Medium
79,28.6,100,High
82,23.9,100,High
164,16.6,150,High
17,49.4,120,Low
61,33.3,100,Medium
35,43.0,120,Low
17,51.8,100,Low
170,16.1,180,High
60,42.2,150,Low
35,40.2,60,Medium
32,50.4,180,Low
62,30.1,120,Medium
86,30.2,100,High
25,54.8,150,Low
107,24.8,120,High
100,29.9,150,Medium
91,21.1,100,High
88,30.5,150,Medium
55,40.5,100,Medium
38,33.6,60,Medium
68,31.3,100,Medium
55,44.0,150,Low
69,42.9,150,Low
88,18.4,80,High
90,33.0,120,Medium
93,36.5,150,Medium
18,55.0,180,Low
160,8.9,120,High
47,47.0,120,Low
14,57.8,150,Low
107,24.8,100,High
103,23.8,100,High
5,51.0,80,Low
77,32.3,120,Medium
35,29.8,60,Medium
30,37.8,60,Medium
41,42.8,80,Medium
26,46.2,100,Low
62,45.7,150,Low
62,21.3,80,High
131,21.3,150,High
45,36.7,150,Low
72,22.2,80,High
72,31.7,120,Medium
115,15.4,120,High
57,28.3,60,High
124,8.9,100,High
70,33.9,120,Medium
26,33.7,60,Medium
36,45.4,120,Low
55,38.4,100,Medium
110,33.7,180,Medium
142,22.2,150,High
162,8.1,120,High
76,24.1,100,High
88,23.4,100,High
111,22.4,120,High
22,45.8,120,Low
52,40.1,100,Medium
72,37.0,150,Medium
85,28.5,100,High
80,26.6,100,High
31,44.6,100,Low
83,13.4,80,High
50,43.2,150,Low
100,9.5,80,High
5,56.0,60,Low
26,47.4,100,Low
147,18.9,150,High
91,32.0,150,Medium
38,22.2,60,Medium
59,44.7,180,Low
86,31.8,100,High
43,41.1,80,Medium
26,55.3,180,Low
139,21.0,150,High
126,16.3,100,High
124,9.5,100,High
77,28.5,100,High
36,51.6,180,Low
216,13.9,180,High
51,37.3,180,Low
78,30.9,120,Medium
32,36.9,60,Medium
59,41.0,150,Low
64,27.3,80,High
78,25.5,150,Medium
126,24.5,120,High
59,39.9,150,Low
121,32.6,180,Medium
29,51.4,150,Low
26,48.1,80,Low
61,47.0,150,Low
68,29.3,100,Medium
88,38.2,150,Medium
22,48.6,100,Low
56,31.6,100,Medium
24,47.9,80,Low
80,26.9,100,High
84,32.3,100,High
17,54.0,120,Low
111,15.7,100,High
168,12.8,180,High
19,51.5,100,Low
79,28.6,120,Medium
74,35.5,150,Medium
139,21.9,150,High
84,36.6,180,Medium
43,29.7,60,Medium
71,33.6,100,Medium
48,45.5,100,Low
194,9.0,180,High
122,18.1,120,High
68,27.0,100,Medium
141,26.8,150,High
105,16.1,100,High
18,43.8,80,Low
10,58.9,150,Low
69,31.0,80,High
63,16.0,60,High
72,30.7,100,Medium
10,60.5,80,Low
122,12.8,100,High
147,18.3,150,High
167,18.5,150,High
99,24.9,100,High
104,29.5,120,High
40,43.4,120,Low
122,11.3,100,High
23,53.8,120,Low
45,41.8,100,Low
68,13.4,60,High
122,8.0,100,High
57,47.6,100,Medium
124,8.0,100,High
14,47.8,100,Low
82,21.3,80,High
53,41.7,100,Medium
47,38.9,150,Low
46,42.7,120,Low
53,39.1,80,Medium
49,31.1,100,Medium
112,34.5,150,Medium
50,36.2,150,Low
169,16.1,150,High
84,11.7,80,High
34,27.4,60,Medium
27,44.2,80,Low
83,25.2,80,High
42,35.5,100,Medium
93,34.4,150,Medium
91,23.0,120,High
86,18.6,100,High
11,42.7,60,Low
108,28.6,120,High
133,14.3,120,High
82,30.9,120,Medium
18,53.5,150,Low
219,15.3,180,High
84,32.6,120,Medium
118,12.0,120,High
26,51.5,180,Low
74,15.9,60,High
48,43.0,120,Low
6,54.8,80,Low
13,61.1,150,Low
164,15.3,150,High
107,19.6,100,High
53,33.0,100,Medium
72,16.3,80,High
7,45.6,100,Low
31,46.3,80,Low
123,15.0,150,High
110,26.2,100,High
25,48.6,100,Low
17,55.6,150,Low
73,29.3,150,Medium
151,28.7,180,High
129,17.1,150,High
125,9.7,120,High
118,8.0,100,High
73,30.1,120,Medium
31,43.9,80,Low
21,56.7,100,Low
118,32.2,180,Medium
182,16.6,150,High
65,44.0,150,Low
19,51.8,80,Low
16,51.6,150,Low
134,17.7,120,High
76,24.0,80,High
41,29.5,60,Medium
64,35.8,100,Medium
172,20.4,180,High
28,35.3,100,Low
90,12.4,80,High
33,35.6,60,Medium
65,21.0,80,High
88,35.1,150,Medium
184,8.0,150,High
61,38.5,120,Medium
33,54.7,100,Low
79,36.4,120,Medium
122,14.7,120,High
86,28.7,100,High
27,40.9,80,Low
33,35.8,80,Medium
84,38.2,180,Medium
166,21.8,180,High
84,38.3,150,Medium
22,52.1,80,Low
54,34.6,80,Medium
209,10.8,180,High
138,18.1,150,High
62,40.2,150,Low
66,36.6,120,Medium
28,41.3,120,Low
19,45.5,80,Low
61,32.0,100,Medium
78,37.2,100,Medium
184,16.0,150,High
58,26.2,80,High
61,25.7,100,Medium
66,45.5,180,Low
63,36.6,150,Medium
25,45.1,120,Low
99,30.4,150,Medium
95,11.6,80,High
111,22.3,120,High
43,25.8,60,Medium
25,46.6,120,Low
105,19.9,150,High
89,24.7,100,High
28,54.6,100,Low
138,14.8,120,High
114,18.2,150,High
113,21.9,120,High
69,30.2,120,Medium
26,49.0,150,Low
48,39.7,100,Medium
45,34.2,80,Medium
180,8.6,150,High
58,27.9,80,Medium
39,45.5,120,Low
102,19.0,100,High
145,20.1,150,High
61,34.9,100,Medium
59,29.1,80,Medium
91,31.1,100,High
23,42.1,80,Low
19,56.6,120,Low
123,11.3,100,High
64,32.0,80,High
182,23.8,180,High
42,49.1,150,Low
59,33.2,100,Medium
36,38.5,80,Medium
162,14.1,150,High
41,44.8,100,Low
91,41.0,150,Medium
90,23.9,80,High
68,21.4,60,High
158,21.0,150,High
83,17.0,80,High
28,45.6,150,Low
43,42.0,150,Low
94,23.6,120,High
179,23.6,180,High
15,48.9,100,Low
126,11.2,100,High
118,8.0,100,High
82,27.4,80,High
6,59.1,100,Low
72,18.0,60,High
66,32.3,100,Medium
56,49.0,180,Low
85,42.7,150,Medium
188,19.7,150,High
56,31.0,80,Medium
95,24.0,120,High
64,32.5,150,Medium
111,14.9,100,High
114,18.7,100,High
30,52.0,120,Low
64,41.9,150,Low
72,40.6,150,Medium
97,35.1,100,High
118,21.0,180,Medium
170,16.7,150,High
46,36.0,80,Medium
23,44.4,80,Low
40,43.6,80,Medium
51,50.8,150,Low
64,27.4,100,Medium
35,41.3,80,Low
65,21.7,120,Medium
5,57.7,60,Low
19,47.8,80,Low
74,36.5,150,Medium
128,8.0,100,High
126,20.7,120,High
59,32.7,80,Medium
32,54.4,120,Low
137,23.6,150,High
13,51.3,120,Low
32,40.3,60,Medium
42,42.5,100,Low
145,16.9,180,High
52,40.0,100,Medium
19,43.5,100,Low
101,24.2,120,High
63,37.4,100,Medium
177,22.7,180,High
63,14.3,60,High
18,46.0,100,Low
16,51.0,80,Low
61,45.4,180,Low
24,41.0,100,Low
67,20.5,80,High
59,25.5,80,High
77,20.0,80,High
123,32.3,180,Medium
39,48.0,100,Low
123,33.8,150,High
135,25.3,150,High
11,53.4,100,Low
75,8.0,60,High
166,21.4,150,High
80,35.7,120,Medium
59,34.9,100,Medium
64,34.5,100,Medium
186,18.2,150,High
83,16.2,80,High
95,29.1,150,Medium
88,34.3,150,Medium
31,49.2,180,Low
125,19.5,150,High
58,42.8,150,Low
54,31.2,100,Medium
15,42.3,80,Low
196,17.9,180,High
84,10.6,80,High
166,13.1,180,High
104,24.0,120,High
60,24.6,80,High
101,30.9,150,Medium
11,40.8,80,Low
66,31.8,120,Medium
34,41.0,100,Low
83,29.1,120,Medium
19,52.7,120,Low
99,16.2,120,High
80,26.7,100,High
66,46.3,150,Low
93,31.3,100,High
52,19.9,60,High
21,47.8,100,Low
128,21.3,120,High
53,31.7,80,Medium
84,24.1,100,High
134,8.0,100,High
90,21.0,120,High
107,29.8,150,Medium
65,18.6,60,High
10,48.2,120,Low
32,39.9,80,Low
133,11.5,100,High
62,30.3,80,High
66,40.2,180,Low
101,11.3,100,High
144,13.5,150,High
181,11.3,150,High
90,26.5,100,High
98,29.6,100,High
72,8.0,60,High
83,34.2,120,Medium
40,38.7,80,Medium
114,31.1,150,Medium
165,19.1,150,High
114,12.0,120,High
65,42.1,150,Low
82,39.2,180,Medium
23,41.2,60,Low
35,44.1,100,Low
19,47.7,60,Low
53,21.1,60,High
139,15.0,120,High
16,43.7,80,Low
70,13.3,60,High
55,42.3,100,Medium
139,35.4,180,Medium
83,28.1,100,High
96,12.2,80,High
8,49.9,100,Low
26,49.9,100,Low
98,31.9,180,Medium
64,17.6,60,High
114,8.5,100,High
122,9.1,100,High
115,26.8,180,Medium
41,32.7,100,Medium
111,29.8,150,Medium
97,18.2,100,High
44,40.2,100,Low
51,26.0,80,Medium
44,31.0,60,Medium
41,36.3,80,Medium
108,33.3,150,Medium
48,29.6,80,Medium
81,16.6,100,High
117,23.1,100,High
59,24.6,80,High
61,39.5,150,Low
50,42.5,100,Medium
77,15.2,80,High
56,44.6,120,Low
123,9.2,100,High
122,19.9,120,High
52,40.4,180,Low
92,34.0,100,High
18,45.6,120,Low
77,35.7,120,Medium
130,8.0,120,High
116,20.8,100,High
225,8.0,180,High
8,49.0,60,Low
185,8.0,150,High
155,14.1,150,High
75,24.6,100,High
14,43.7,60,Low
129,12.1,100,High
125,9.7,120,High
15,47.5,80,Low
34,49.1,120,Low
28,51.0,120,Low
64,26.2,80,High
60,27.1,100,Medium
124,8.0,100,High
25,56.8,120,Low
46,47.2,120,Low
32,43.7,150,Low
26,45.3,120,Low
122,8.4,100,High
69,16.0,60,High
39,40.2,80,Medium
33,38.9,80,Low
48,49.0,180,Low
18,56.6,100,Low
63,38.7,150,Low
25,45.3,120,Low
74,24.4,100,High
96,39.6,180,Medium
16,52.6,180,Low
36,42.8,80,Low
57,24.4,60,High
117,8.0,100,High
42,40.1,100,Low
21,51.1,180,Low
108,10.3,80,High
112,20.3,100,High
146,26.8,180,High
78,26.5,80,High
15,49.2,100,Low
10,52.8,80,Low
57,46.0,150,Low
174,22.2,150,High
165,21.5,150,High
93,10.8,80,High
49,27.4,60,High
60,35.0,100,Medium
233,13.8,180,High
69,30.8,80,High
127,27.4,180,Medium
182,13.7,150,High
102,16.8,100,High
37,48.7,100,Low
145,8.0,120,High
73,20.0,100,High
81,25.1,80,High
125,28.7,150,High
98,34.7,120,High
41,36.9,100,Low
24,50.7,80,Low
58,48.0,120,Low
71,29.6,100,Medium
151,9.6,120,High
7,60.8,80,Low
74,9.1,60,High
110,14.0,100,High
21,49.4,80,Low
217,9.7,180,High
75,37.5,100,Medium
129,20.1,120,High
68,50.8,180,Low
79,39.8,120,Medium
42,44.3,80,Medium
45,51.4,80,Medium
53,36.8,120,Medium
94,38.4,180,Medium
21,47.0,120,Low
70,16.6,60,High
59,17.7,60,High
48,35.8,100,Medium
18,45.3,100,Low
185,8.0,150,High
87,25.2,100,High
52,40.0,120,Low
114,8.0,100,High
11,49.6,100,Low
42,38.2,120,Low
89,25.6,100,High
120,8.5,100,High
29,40.6,80,Low
31,50.5,100,Low
54,36.4,80,Medium
32,37.8,80,Low
112,23.7,150,High
27,38.1,80,Low
87,24.4,120,High
166,23.6,180,High
14,47.8,80,Low
103,30.5,150,Medium
33,45.2,100,Low
26,41.6,100,Low
88,34.3,150,Medium
84,9.0,80,High
18,52.0,150,Low
132,20.4,150,High
28,47.0,80,Low
19,52.2,100,Low
47,35.4,100,Medium
117,26.5,150,High
37,41.8,100,Low
14,52.0,150,Low
17,51.9,100,Low
116,34.6,180,Medium
26,45.3,60,Low
41,34.5,80,Medium
23,52.1,100,Low
27,45.5,100,Low
44,53.5,180,Low
34,30.4,60,Medium
128,12.8,120,High
44,38.8,100,Medium
95,27.9,120,High
51,26.8,60,High
76,21.3,100,High
67,26.6,100,Medium
87,38.3,150,Medium
97,16.2,100,High
68,27.5,100,Medium
118,43.6,180,Medium
43,41.5,100,Low
148,16.7,150,High
139,8.0,120,High
55,30.8,100,Medium
93,22.0,100,High
173,9.6,150,High
35,46.2,180,Low
20,58.2,80,Low
141,26.3,150,High
72,33.0,120,Medium
120,16.7,100,High
68,43.6,180,Low
62,42.6,80,Medium
53,34.3,100,Medium
31,51.1,150,Low
102,20.0,100,High
40,40.6,100,Low
40,44.3,120,Low
47,47.8,150,Low
55,14.8,60,High
97,38.3,150,Medium
25,38.7,60,Low
9,51.9,100,Low
188,12.1,180,High
59,19.1,60,High
89,23.9,100,High
77,34.1,150,Medium
94,24.7,150,Medium
32,47.9,180,Low
25,41.7,100,Low
214,17.7,180,High
58,43.4,120,Medium
137,30.2,180,High
106,12.8,100,High
106,16.1,100,High
56,31.9,100,Medium
97,19.6,120,High
32,45.2,150,Low
153,22.2,180,High
15,52.5,100,Low
40,40.6,80,Medium
27,59.4,150,Low
22,48.0,60,Low
110,30.8,150,Medium
124,26.1,150,High
6,51.8,60,Low
31,46.0,120,Low
14,51.7,100,Low
81,26.3,100,High
50,28.0,60,High
66,37.9,150,Medium
27,45.5,150,Low
50,28.6,100,Medium
130,28.1,180,Medium
120,8.0,100,High
21,43.8,60,Low
133,26.6,180,High
134,17.1,120,High
11,59.6,120,Low
55,40.2,150,Low
76,27.6,80,High
106,25.0,120,High
83,29.3,100,High
181,21.9,180,High
62,35.4,120,Medium
36,51.5,180,Low
56,38.7,150,Low
151,13.1,120,High
35,48.9,180,Low
195,16.5,180,High
18,52.2,80,Low
26,45.7,120,Low
54,24.4,80,Medium
127,20.0,120,High
142,15.6,120,High
33,44.9,80,Low
115,24.2,120,High
120,28.8,180,Medium
172,10.0,150,High
23,37.6,100,Low
18,48.4,150,Low
12,57.0,80,Low
174,17.1,150,High
135,23.6,150,High
59,35.4,120,Medium
29,53.5,120,Low
118,17.1,120,High
74,9.3,60,High
155,22.8,150,High
192,18.5,180,High
126,8.0,100,High
56,39.7,120,Medium
137,11.4,120,High
109,27.8,150,Medium
18,49.4,60,Low
132,26.4,150,High
7,49.1,100,Low
53,37.6,120,Medium
61,24.0,80,High
32,39.5,120,Low
72,33.2,120,Medium
61,41.5,100,Medium
94,8.0,80,High
9,46.6,60,Low
63,41.6,100,Medium
84,26.0,100,High
189,23.8,180,High
110,14.5,100,High
91,39.3,150,Medium
16,46.1,150,Low
96,8.0,80,High
186,8.0,150,High
96,24.8,120,High
127,8.0,100,High
69,41.1,120,Medium
105,37.0,150,Medium
17,48.9,100,Low
51,43.8,100,Medium
49,18.9,60,High
26,48.7,120,Low
168,16.5,180,High
175,15.3,180,High
77,36.3,180,Medium
74,30.1,80,High
59,41.7,150,Low
113,19.0,100,High
87,13.7,100,High
133,22.1,150,High
184,8.0,150,High
118,20.8,120,High
44,38.6,100,Medium
15,50.3,150,Low
55,35.7,100,Medium
126,13.3,120,High
30,32.8,60,Medium
20,47.1,60,Low
147,33.8,180,High
141,16.9,150,High
29,43.7,120,Low
128,18.3,120,High
112,17.0,100,High
13,52.1,80,Low
74,29.4,100,Medium
100,12.4,100,High
37,41.0,80,Medium
41,38.3,80,Medium
5,52.1,60,Low
80,23.4,120,Medium
47,35.9,120,Low
37,43.5,120,Low
80,25.5,100,High
79,32.8,120,Medium
15,51.7,100,Low
118,24.5,120,High
61,25.4,60,High
53,37.1,100,Medium
9,43.7,60,Low
152,17.2,150,High
56,23.1,60,High
136,8.0,120,High
110,23.6,150,High
27,56.2,100,Low
112,23.3,150,High
13,56.3,120,Low
18,57.4,150,Low
24,54.3,120,Low
111,16.2,100,High
38,42.9,100,Low
63,33.3,80,High
143,11.6,120,High
37,47.4,150,Low
5,50.5,150,Low
36,47.6,120,Low
29,45.9,150,Low
17,51.1,80,Low
101,27.7,100,High
81,40.4,150,Medium
38,52.5,120,Low
30,47.0,100,Low
79,33.1,150,Medium
32,40.8,60,Medium
20,50.2,100,Low
178,20.5,150,High
132,13.7,120,High
75,38.6,120,Medium
92,22.1,80,High
26,40.5,80,Low
5,55.2,80,Low
101,21.9,120,High
20,37.0,100,Low
60,20.2,60,High
94,32.4,120,High
20,54.9,100,Low
178,10.9,150,High
40,36.5,80,Medium
35,56.3,120,Low
70,45.4,180,Low
71,33.7,100,Medium
128,23.7,120,High
29,48.5,100,Low
6,59.2,100,Low
63,37.2,120,Medium
178,17.3,150,High
53,48.1,150,Low
101,30.4,120,High
42,47.1,150,Low
212,12.5,180,High
41,31.6,80,Medium
62,40.1,100,Medium
14,52.0,80,Low
85,32.2,120,Medium
27,49.1,60,Low
146,16.7,150,High
7,48.5,80,Low
80,31.8,150,Medium
67,37.0,100,Medium
180,14.1,180,High
67,27.1,80,High
109,12.0,100,High
44,37.2,80,Medium
10,52.7,60,Low
78,26.7,120,Medium
123,29.9,180,Medium
116,17.2,120,High
109,23.9,100,High
99,35.7,150,Medium
67,41.7,150,Low
95,28.8,120,High
130,8.7,100,High
145,23.4,150,High
79,21.5,80,High
150,34.4,150,High
35,42.8,120,Low
17,37.6,150,Low
173,24.9,180,High
77,39.2,100,Medium
11,53.0,60,Low
71,32.3,120,Medium
115,26.3,150,High
129,26.4,180,Medium
46,32.0,100,Medium
132,16.4,120,High
18,47.4,80,Low
172,11.1,150,High
25,49.4,100,Low
96,20.3,100,High
52,35.4,120,Medium
5,57.7,80,Low
45,43.0,100,Low
51,48.8,150,Low
10,57.8,120,Low
13,45.3,120,Low
46,55.9,150,Low
112,28.5,150,High
83,19.4,80,High
87,23.9,100,High
57,44.4,120,Low
66,36.5,150,Medium
24,34.7,60,Medium
14,43.9,60,Low
102,8.0,80,High
76,45.5,180,Low
62,50.0,150,Low
18,44.3,80,Low
26,43.8,100,Low
32,43.8,150,Low
71,30.3,150,Medium
120,16.6,100,High
124,11.2,100,High
63,39.1,150,Low
107,27.3,180,Medium
93,32.3,100,High
80,26.4,80,High
19,48.6,150,Low
59,31.7,100,Medium
139,19.0,150,High
111,17.3,100,High
36,40.2,120,Low
91,28.4,120,High
77,25.3,80,High
68,32.0,100,Medium
49,34.5,100,Medium
97,21.4,120,High
111,26.0,150,High
83,25.3,150,Medium
31,47.1,120,Low
70,34.0,100,Medium
43,37.9,120,Low
67,14.5,60,High
73,39.8,120,Medium
71,24.0,80,High
68,21.1,80,High
12,56.9,100,Low
117,11.8,100,High
97,28.8,180,Medium
5,57.8,60,Low
29,40.6,80,Low
113,34.2,150,Medium
50,36.9,120,Medium
145,25.2,150,High
66,26.2,80,High
17,50.5,100,Low
41,40.4,100,Low
218,14.1,180,High
16,44.9,100,Low
45,35.5,120,Low
57,33.4,100,Medium
75,37.3,120,Medium
83,15.2,80,High
45,40.6,150,Low
95,34.3,120,Medium
115,18.3,100,High
93,32.5,180,Medium
132,19.4,150,High
128,14.2,120,High
21,46.2,100,Low
208,11.7,180,High
155,17.1,120,High
59,13.0,60,High
116,17.8,120,High
20,45.6,100,Low
193,9.6,180,High
49,34.6,80,Medium
88,27.1,100,High
163,18.4,150,High
96,19.6,100,High
23,49.0,150,Low
189,13.0,150,High
157,15.2,150,High
54,36.2,120,Medium
26,41.8,60,Low
125,18.7,120,High
34,48.8,150,Low
91,19.7,100,High
73,27.7,80,High
124,14.6,100,High
44,41.0,100,Low
113,23.1,120,High
89,21.0,100,High
141,22.4,150,High
128,26.0,180,Medium
20,47.5,100,Low
194,10.6,180,High
73,32.2,120,Medium
116,39.1,180,Medium
35,38.4,80,Medium
22,46.3,120,Low
107,20.1,120,High
68,44.4,150,Low
49,33.5,100,Medium
75,22.3,80,High
15,59.4,150,Low
46,42.4,120,Low
97,38.8,120,Medium
75,31.7,120,Medium
32,49.9,150,Low
38,37.2,80,Medium
26,50.3,120,Low
84,31.1,150,Medium
70,38.6,150,Medium
66,29.7,100,Medium
88,41.4,150,Medium
90,18.2,100,High
144,8.0,120,High
19,58.6,60,Low
44,33.0,80,Medium
67,42.5,180,Low
128,8.0,100,High
68,44.8,120,Medium
16,52.8,120,Low
117,35.1,150,Medium
39,41.9,100,Low
21,50.5,120,Low
77,39.5,120,Medium
94,33.1,150,Medium
46,35.1,100,Medium
120,20.1,120,High
67,15.4,60,High
81,26.3,100,High
28,43.3,80,Low
26,51.3,80,Low
93,23.9,100,High
14,60.2,120,Low
42,46.1,100,Low
160,15.7,150,High
110,18.6,100,High
45,38.3,80,Medium
65,32.0,150,Medium
74,44.0,150,Medium
69,49.9,180,Low
124,17.9,120,High
129,8.0,100,High
32,35.8,60,Medium
213,11.2,180,High
125,10.1,120,High
105,27.2,120,High
33,50.1,120,Low
32,32.5,60,Medium
37,42.9,80,Low
28,53.0,100,Low
36,31.7,80,Medium
94,33.9,150,Medium
143,21.6,150,High
76,29.1,120,Medium
9,57.4,120,Low
144,28.2,180,High
36,50.3,150,Low
90,27.7,120,High
26,50.9,100,Low
89,17.1,80,High
62,35.0,100,Medium
32,48.4,80,Low
92,19.1,100,High
14,51.4,80,Low
41,45.8,100,Low
31,36.1,60,Medium
100,37.2,150,Medium
74,25.0,120,Medium
64,20.0,60,High
72,20.2,60,High
58,31.1,100,Medium
54,31.5,100,Medium
100,26.2,120,High
89,30.7,120,Medium
33,58.6,180,Low
47,42.0,120,Low
95,16.0,100,High
5,57.2,120,Low
30,49.3,100,Low
143,18.7,150,High
29,44.4,80,Low
156,16.5,150,High
135,24.6,150,High
139,14.5,120,High
114,33.6,180,Medium
76,29.1,100,High
174,11.9,150,High
31,46.1,60,Medium
158,30.1,180,High
32,53.0,120,Low
110,25.7,120,High
63,24.0,80,High
16,55.1,120,Low
143,17.4,120,High
67,37.3,100,Medium
95,17.7,120,High
56,38.5,100,Medium
24,43.5,60,Low
98,31.3,150,Medium
54,39.0,100,Medium
25,36.9,60,Medium
25,47.9,100,Low
190,11.4,150,High
25,42.7,100,Low
98,20.5,100,High
66,33.7,120,Medium
52,20.5,60,High
149,15.5,120,High
71,36.3,120,Medium
34,52.5,100,Low
174,16.0,150,High
71,42.1,120,Medium
34,36.0,60,Medium
72,29.0,100,Medium
47,41.4,100,Medium
55,27.3,100,Medium
20,60.8,180,Low
172,16.9,150,High
91,31.8,100,High
138,16.7,150,High
51,36.2,80,Medium
29,50.8,100,Low
66,33.0,100,Medium
154,20.5,150,High
104,11.1,100,High
53,27.2,60,High
30,38.1,60,Medium
37,41.9,100,Low
19,44.9,80,Low
10,45.3,100,Low
99,26.6,100,High
46,46.6,100,Low
63,30.8,80,High
5,54.1,60,Low
125,20.9,150,High
75,16.7,80,High
164,16.3,150,High
106,21.8,150,High
51,34.9,80,Medium
195,22.4,180,High
10,52.6,120,Low
43,49.9,180,Low
80,30.7,120,Medium
55,32.0,100,Medium
10,52.9,150,Low
35,49.6,100,Low
115,18.2,100,High
56,30.0,100,Medium
43,44.4,100,Low
18,48.6,80,Low
50,30.0,60,High
89,24.3,120,High
79,25.5,80,High
48,41.4,180,Low
155,22.0,150,High
51,28.7,80,Medium
32,45.0,100,Low
49,50.2,180,Low
85,24.1,100,High
133,14.7,150,High
19,48.2,100,Low
93,29.1,150,Medium
32,51.0,100,Low
55,31.0,80,Medium
22,52.1,100,Low
22,42.1,80,Low
86,21.2,100,High
141,16.0,150,High
51,47.7,150,Low
184,19.5,180,High
44,46.7,150,Low
89,41.3,150,Medium
40,43.1,80,Medium
122,30.5,150,High
55,37.3,150,Low
22,51.5,180,Low
73,37.6,120,Medium
73,36.9,120,Medium
156,22.5,150,High
51,43.9,100,Medium
51,48.0,180,Low
114,23.6,100,High
70,30.0,100,Medium
25,60.1,100,Low
133,11.2,120,High
189,12.5,150,High
46,45.6,120,Low
16,45.3,100,Low
21,44.5,80,Low
208,16.9,180,High
85,26.3,100,High
90,32.8,120,Medium
14,50.1,100,Low
97,31.3,150,Medium
122,35.6,180,Medium
21,49.9,150,Low
125,8.1,100,High
7,57.7,80,Low
102,19.5,120,High
54,26.1,80,Medium
131,8.0,120,High
31,45.7,100,Low
48,44.7,180,Low
28,53.6,150,Low
33,39.8,100,Low
123,19.0,150,High
71,31.5,100,Medium
61,40.3,150,Low
89,8.5,80,High
23,46.6,60,Low
102,27.0,150,Medium
142,15.6,120,High
15,47.2,120,Low
94,14.1,80,High
13,46.9,120,Low
79,36.8,100,Medium
14,53.2,120,Low
51,41.2,100,Medium
31,51.1,180,Low
52,36.7,80,Medium
97,28.3,150,Medium
31,46.7,80,Low
60,41.0,120,Medium
74,29.9,120,Medium
105,26.4,120,High
66,32.9,100,Medium
75,40.8,120,Medium
158,17.0,180,High
80,43.8,150,Medium
37,25.6,60,Medium
107,15.5,100,High
31,42.9,80,Low
114,22.5,150,High
30,44.7,100,Low
87,15.7,80,High
33,36.2,100,Low
20,46.7,150,Low
86,30.8,100,High
9,51.1,80,Low
152,17.0,180,High
76,32.2,120,Medium
10,58.5,80,Low
72,40.7,120,Medium
116,13.6,100,High
43,42.9,100,Low
162,13.4,150,High
28,45.2,80,Low
142,12.6,120,High
23,39.1,100,Low
52,37.0,120,Medium
119,14.8,120,High
111,17.6,100,High
149,8.0,120,High
62,38.9,120,Medium
185,8.0,150,High
151,27.8,150,High
80,35.2,120,Medium
10,48.9,100,Low
106,29.6,180,Medium
120,15.3,120,High
97,20.4,100,High
127,17.7,120,High
72,27.0,100,Medium
42,44.8,150,Low
69,29.0,80,High
36,44.0,150,Low
37,41.3,80,Medium
55,41.2,100,Medium
38,29.4,60,Medium
52,49.6,150,Low
34,44.7,150,Low
39,39.1,100,Low
119,8.8,100,High
27,37.0,60,Medium
154,15.4,150,High
29,48.3,150,Low
81,31.2,120,Medium
61,22.7,80,High
25,40.2,80,Low
62,23.5,80,High
19,54.3,120,Low
82,18.7,100,High
182,22.5,180,High
48,33.9,100,Medium
118,29.1,180,Medium
91,14.9,80,High
19,51.4,120,Low
71,36.5,120,Medium
115,16.0,100,High
103,25.5,150,Medium
60,42.2,120,Medium
95,8.0,80,High
73,42.7,150,Medium
47,39.4,120,Low
21,35.2,100,Low
31,51.0,100,Low
75,32.2,100,Medium
173,26.3,180,High
66,29.1,80,High
226,8.0,180,High
94,23.8,120,High
8,60.0,60,Low
95,8.0,80,High
28,45.7,100,Low
64,27.7,80,High
121,27.1,150,High
18,46.0,100,Low
95,36.6,180,Medium
46,40.8,80,Medium
111,8.0,100,High
86,25.1,100,High
36,34.4,120,Low
105,22.5,120,High
23,42.2,100,Low
158,18.0,150,High
174,12.4,150,High
15,52.6,100,Low
8,48.1,100,Low
131,25.7,150,High
61,30.6,80,High
66,44.0,150,Low
37,48.2,80,Low
28,37.7,60,Medium
101,8.0,80,High
63,26.9,80,High
133,28.5,180,Medium
63,37.2,100,Medium
88,29.1,150,Medium
65,42.6,100,Medium
121,8.0,100,High
61,28.8,100,Medium
123,26.7,120,High
192,8.0,150,High
67,14.3,60,High
46,36.2,100,Medium
119,16.2,100,High
34,51.9,100,Low
69,21.1,80,High
17,59.6,180,Low
72,34.7,100,Medium
15,52.3,120,Low
165,17.2,150,High
101,12.7,80,High
25,53.0,80,Low
43,34.4,80,Medium
171,17.2,180,High
94,8.0,80,High
89,24.9,100,High
24,47.8,120,Low
90,20.3,100,High
73,30.1,100,Medium
108,8.0,120,High
131,28.0,180,Medium
73,28.7,100,Medium
111,19.8,120,High
80,18.4,100,High
82,36.4,120,Medium
38,42.1,100,Low
42,31.9,80,Medium
49,38.4,150,Low
45,17.7,60,High
111,28.9,150,Medium
52,45.8,150,Low
5,50.5,80,Low
102,43.7,150,Medium
43,32.9,60,Medium
26,43.5,80,Low
27,54.2,180,Low
107,27.1,120,High
74,40.2,120,Medium
79,18.4,80,High
79,19.0,80,High
110,30.1,150,Medium
16,62.9,100,Low
101,17.7,100,High
46,37.1,80,Medium
171,11.6,150,High
77,40.4,180,Low
57,48.0,150,Low
41,34.9,120,Low
54,44.0,100,Medium
6,57.4,100,Low
26,44.8,120,Low
125,8.0,100,High
93,30.9,150,Medium
82,32.8,150,Medium
83,26.0,120,Medium
44,39.3,80,Medium
19,56.4,150,Low
32,52.6,150,Low
50,20.7,80,Medium
82,21.5,80,High
103,25.3,120,High
64,40.4,120,Medium
68,26.7,80,High
81,20.4,80,High
101,22.0,100,High
66,31.4,80,High
87,16.1,80,High
53,47.4,150,Low
88,12.1,80,High
61,46.8,120,Medium
100,30.8,120,High
39,36.2,80,Medium
44,34.3,100,Medium
66,31.7,100,Medium
12,56.0,180,Low
94,34.4,150,Medium
57,33.6,80,Medium
91,26.4,120,High
87,31.7,150,Medium
19,57.1,80,Low
137,18.8,150,High
57,26.9,80,Medium
93,8.0,80,High
31,47.4,150,Low
29,58.3,100,Low
88,17.2,80,High
139,8.1,120,High
76,42.0,180,Low
37,43.7,100,Low
17,49.7,150,Low
20,61.8,150,Low
106,11.1,100,High
44,37.8,80,Medium
43,23.7,60,High
155,22.0,150,High
37,39.5,100,Low
112,18.8,120,High
127,13.9,120,High
24,37.9,80,Low
143,9.2,120,High
60,38.5,100,Medium
63,36.0,120,Medium
13,44.5,100,Low
165,11.3,150,High
121,22.4,120,High
115,10.0,100,High
89,37.5,150,Medium
15,42.3,60,Low
83,17.4,80,High
10,54.9,100,Low
47,50.6,150,Low
59,43.9,150,Low
68,38.9,100,Medium
19,45.8,60,Low
83,29.4,100,High
107,14.3,100,High
39,48.9,120,Low
58,29.0,100,Medium
7,61.4,80,Low
90,8.4,80,High
54,38.3,150,Low
12,46.1,60,Low
20,51.2,150,Low
36,38.1,150,Low
45,41.1,120,Low
47,35.6,120,Low
84,42.4,150,Medium
65,8.0,60,High
42,42.8,80,Medium
102,35.7,150,Medium
76,18.4,80,High
115,12.3,100,High
45,36.4,80,Medium
14,56.8,100,Low
83,27.7,150,Medium
60,31.2,100,Medium
43,44.0,150,Low
89,41.4,150,Medium
154,12.4,150,High
40,41.2,100,Low
21,45.8,150,Low
35,32.2,60,Medium
31,38.7,120,Low
15,53.5,80,Low
79,17.8,80,High
78,25.0,120,Medium
18,39.0,80,Low
47,36.8,100,Medium
55,37.0,100,Medium
51,30.1,80,Medium
25,49.0,80,Low
82,28.7,100,High
73,38.5,180,Low
48,43.6,150,Low
91,39.4,150,Medium
59,41.4,120,Medium
119,14.8,100,High
32,38.6,100,Low
15,43.8,60,Low
107,29.1,100,High
70,30.0,100,Medium
110,25.2,150,High
96,8.0,80,High
51,38.1,100,Medium
101,20.0,100,High
125,23.4,120,High
175,16.1,150,High
44,30.7,60,Medium
35,53.2,150,Low
58,34.3,100,Medium
45,30.0,60,Medium
91,15.6,100,High
83,23.6,100,High
92,34.3,150,Medium
14,51.5,150,Low
55,44.6,120,Low
51,45.4,120,Low
83,8.0,80,High
16,49.4,60,Low
104,19.6,100,High
34,48.1,100,Low
83,32.7,150,Medium
64,45.6,150,Low
106,8.0,80,High
36,48.6,80,Low
59,18.8,60,High
65,33.0,120,Medium
36,45.3,100,Low
174,15.5,150,High
42,46.4,150,Low
97,33.2,120,High
20,46.2,120,Low
61,39.6,180,Low
67,8.0,60,High
93,22.8,120,High
60,24.8,80,High
122,14.1,100,High
83,35.2,150,Medium
215,8.0,180,High
50,46.1,100,Medium
93,28.1,100,High
85,31.7,120,Medium
147,8.0,120,High
109,33.3,150,Medium
11,46.7,60,Low
38,37.1,80,Medium
105,18.6,100,High
24,53.6,120,Low
56,34.9,100,Medium
112,29.7,150,Medium
143,27.6,180,High
73,39.4,150,Medium
41,53.8,180,Low
57,43.2,120,Medium
56,39.0,150,Low
142,26.4,180,High
17,47.7,80,Low
120,18.9,150,High
148,28.7,150,High
75,15.7,80,High
72,29.8,100,Medium
53,23.6,60,High
93,26.4,100,High
88,10.8,80,High
71,44.7,120,Medium
55,50.8,150,Low
72,33.5,120,Medium
63,36.5,100,Medium
28,49.7,100,Low
50,43.8,120,Low
25,44.9,60,Low
42,37.3,80,Medium
49,36.8,120,Low
101,10.1,100,High
106,21.1,100,High
51,49.4,180,Low
124,10.8,100,High
43,47.3,100,Low
9,60.4,120,Low
111,36.9,150,Medium
37,39.2,100,Low
173,8.0,150,High
135,21.7,150,High
136,11.7,120,High
145,10.5,120,High
94,26.1,100,High
42,38.0,80,Medium
113,17.0,100,High
67,37.2,180,Low
105,11.0,100,High
143,10.9,120,High
105,30.1,120,High
70,14.4,60,High
85,35.5,150,Medium
69,15.8,80,High
10,46.0,100,Low
18,52.5,150,Low
113,18.2,100,High
107,25.6,120,High
56,39.8,120,Medium
27,48.9,100,Low
45,49.8,150,Low
160,20.0,180,High
144,28.4,180,High
53,52.2,150,Low
236,8.1,180,High
51,40.1,120,Low
105,18.5,100,High
49,49.3,150,Low
23,39.4,100,Low
11,52.2,100,Low
93,10.7,80,High
74,33.2,120,Medium
183,12.2,150,High
51,39.6,150,Low
48,28.7,80,Medium
35,47.8,150,Low
96,23.0,100,High
103,17.6,120,High
37,57.5,150,Low
47,35.2,100,Medium
153,17.3,180,High
80,17.7,80,High
58,30.0,100,Medium
104,21.7,120,High
68,25.1,80,High
88,33.6,100,High
94,14.0,80,High
66,38.1,100,Medium
213,16.2,180,High
53,41.5,120,Low
32,37.3,60,Medium
39,40.0,80,Medium
60,28.6,80,High
24,59.8,150,Low
135,8.0,120,High
18,55.8,150,Low
90,20.7,80,High
35,47.5,100,Low
69,41.0,120,Medium
120,11.7,100,High
76,37.9,150,Medium
16,56.9,80,Low
19,49.2,80,Low
42,41.1,100,Low
107,14.5,100,High
139,39.4,180,Medium
101,26.0,120,High
70,24.1,100,Medium
128,17.3,120,High
120,11.7,100,High
66,36.8,100,Medium
37,37.4,100,Low
146,11.5,120,High
186,8.3,150,High
118,8.0,100,High
14,51.9,150,Low
80,27.2,100,High
67,38.5,100,Medium
141,26.4,180,High
57,40.5,100,Medium
10,56.5,180,Low
130,24.0,150,High
84,11.3,80,High
138,10.3,150,High
118,28.1,150,High
97,19.1,100,High
69,25.0,100,Medium
127,12.0,100,High
51,43.4,120,Low
25,55.3,120,Low
26,41.8,100,Low
127,27.3,150,High
22,49.2,100,Low
12,58.7,100,Low
19,40.1,60,Low
146,23.6,150,High
127,38.1,180,Medium
128,19.0,100,High
35,40.2,100,Low
100,15.7,100,High
74,39.4,100,Medium
37,37.2,80,Medium
106,19.8,100,High
137,11.5,150,High
19,48.1,80,Low
133,19.1,150,High
122,17.6,120,High
88,16.4,100,High
58,23.6,60,High
67,45.5,150,Low
106,31.9,150,Medium
70,34.1,120,Medium
31,44.5,100,Low
124,26.9,150,High
25,42.4,80,Low
14,50.2,120,Low
79,33.7,100,High
26,47.2,80,Low
18,50.6,100,Low
138,8.0,120,High
11,55.9,80,Low
100,33.0,120,High
43,52.3,120,Low
147,24.1,180,High
145,25.3,150,High
57,23.6,60,High
84,17.8,100,High
107,19.4,120,High
22,44.5,80,Low
138,16.8,120,High
20,42.9,80,Low
9,53.4,100,Low
176,12.8,150,High
79,19.1,80,High
37,41.4,80,Medium
43,43.9,100,Low
141,18.0,150,High
53,44.0,100,Medium
30,46.2,100,Low
60,38.3,120,Medium
34,43.4,80,Low
98,19.8,100,High
57,37.3,150,Low
104,12.2,100,High
18,47.4,100,Low
118,23.9,150,High
30,47.7,120,Low
26,47.9,120,Low
110,26.9,120,High
117,19.4,100,High
24,41.8,80,Low
74,25.7,100,High
96,14.9,100,High
150,21.5,150,High
25,51.8,150,Low
61,36.3,120,Medium
175,12.8,150,High
71,35.5,120,Medium
40,45.9,150,Low
38,45.6,80,Low
51,35.8,80,Medium
63,45.5,150,Low
165,18.6,150,High
168,23.8,150,High
119,19.0,120,High
105,27.6,120,High
14,47.0,80,Low
73,31.2,100,Medium
78,24.3,100,High
142,21.0,120,High
41,40.0,100,Low
16,42.7,80,Low
40,45.4,80,Medium
72,8.0,60,High
21,47.1,120,Low
23,46.0,100,Low
105,25.9,150,Medium
163,16.4,150,High
184,8.0,150,High
18,44.0,80,Low
139,35.4,150,High
32,56.4,180,Low
64,30.6,100,Medium
68,28.6,80,High
101,37.5,150,Medium
40,35.2,60,Medium
27,50.0,120,Low
22,45.1,80,Low
31,48.6,100,Low
77,36.0,100,Medium
169,9.4,150,High
95,28.2,100,High
54,47.1,150,Low
16,52.3,100,Low
84,18.3,80,High
127,15.3,120,High
92,16.5,80,High
34,44.6,80,Low
119,24.9,120,High
25,38.5,80,Low
94,12.4,80,High
42,34.5,120,Low
128,28.9,180,Medium
131,27.4,150,High
58,46.5,150,Low
95,32.1,150,Medium
44,38.1,150,Low
134,26.2,180,High
57,23.6,60,High
73,47.4,180,Low
69,38.9,120,Medium
88,27.9,150,Medium
78,34.4,120,Medium
55,39.0,120,Medium
38,50.0,150,Low
11,63.8,120,Low
176,8.0,150,High
111,15.1,100,High
100,23.0,120,High
219,18.6,180,High
61,44.1,150,Low
36,53.1,100,Low
70,26.7,80,High
58,46.7,120,Low
55,17.2,60,High
121,16.2,150,High
30,56.0,100,Low
49,43.7,80,Medium
99,21.4,120,High
67,34.5,100,Medium
119,24.6,150,High
7,52.4,80,Low
50,26.4,60,High
130,21.2,150,High
113,38.9,180,Medium
12,53.2,80,Low
132,9.7,120,High
102,8.0,100,High
51,16.1,60,High
84,33.8,100,High
16,45.9,80,Low
23,47.9,80,Low
55,32.9,80,Medium
84,14.8,80,High
73,37.1,100,Medium
222,19.0,180,High
141,8.0,120,High
117,34.9,150,Medium
129,20.7,150,High
28,40.7,150,Low
40,53.7,150,Low
80,21.5,120,Medium
11,47.2,80,Low
41,47.1,100,Low
34,40.6,150,Low
33,41.7,80,Low
176,12.7,150,High
96,28.0,120,High
20,55.9,100,Low
39,49.5,120,Low
18,48.9,80,Low
19,53.2,180,Low
76,16.2,80,High
77,29.5,100,High
24,43.6,150,Low
35,50.1,150,Low
50,46.4,150,Low
124,14.6,120,High
130,17.1,120,High
34,43.3,80,Low
58,27.8,80,Medium
40,53.5,150,Low
163,29.1,180,High
70,34.9,120,Medium
56,8.6,60,High
51,50.8,100,Low
169,19.0,150,High
57,31.1,100,Medium
17,57.5,120,Low
130,20.8,150,High
52,37.9,80,Medium
34,44.2,80,Low
21,46.7,80,Low
17,55.8,100,Low
50,31.7,120,Medium
77,25.7,120,Medium
77,44.1,150,Medium
103,24.1,120,High
136,28.2,180,High
34,40.1,100,Low
30,46.5,150,Low
66,14.0,60,High
136,14.8,120,High
119,13.9,100,High
22,51.2,120,Low
53,26.2,60,High
54,32.5,80,Medium
28,44.0,100,Low
108,24.4,150,High
94,18.6,80,High
68,15.1,60,High
64,35.8,100,Medium
212,10.0,180,High
47,39.5,150,Low
21,57.0,150,Low
130,17.7,120,High
139,16.3,150,High
43,22.6,80,Medium
62,25.9,120,Medium
87,30.4,120,Medium
85,22.1,100,High
209,8.0,180,High
70,31.3,120,Medium
18,46.4,180,Low
148,21.4,150,High
27,48.6,100,Low
44,45.8,180,Low
70,18.6,80,High
180,9.3,180,High
59,28.2,80,Medium
64,24.4,80,High
16,54.9,100,Low
71,38.2,150,Medium
76,35.2,100,Medium
87,33.5,120,Medium
111,19.0,100,High
126,8.0,100,High
47,47.2,180,Low
123,9.5,120,High
52,28.1,60,High
19,46.9,80,Low
103,26.1,120,High
57,35.2,100,Medium
97,26.1,120,High
14,60.2,150,Low
88,40.2,150,Medium
36,46.3,100,Low
52,35.3,100,Medium
26,44.1,180,Low
52,29.6,80,Medium
163,17.1,150,High
55,23.1,60,High
119,30.5,150,High
65,10.7,60,High
69,22.1,80,High
73,20.9,80,High
31,51.0,120,Low
82,19.5,80,High
73,26.8,120,Medium
174,22.4,180,High
85,15.3,80,High
18,48.4,60,Low
145,24.5,150,High
79,12.6,60,High
40,40.1,100,Low
12,55.0,120,Low
121,8.0,100,High
44,26.9,60,High
123,17.3,120,High
116,13.7,100,High
130,14.2,120,High
54,44.2,180,Low
39,41.8,60,Medium
145,23.7,180,High
53,41.1,100,Medium
137,8.0,120,High
134,22.5,150,High
29,49.6,100,Low
46,41.8,100,Medium
17,52.3,100,Low
134,17.7,120,High
83,27.2,120,Medium
5,53.6,80,Low
73,34.8,100,Medium
74,37.3,150,Medium
114,23.5,120,High
181,17.3,180,High
25,41.5,80,Low
52,33.2,120,Medium
96,22.4,100,High
48,46.0,120,Low
153,8.0,120,High
18,53.7,120,Low
21,48.1,100,Low
22,41.2,80,Low
145,8.0,120,High
37,41.6,60,Medium
53,38.1,80,Medium
28,45.3,120,Low
45,32.2,100,Medium
135,8.0,120,High
113,22.3,150,High
48,42.4,80,Medium
130,13.9,120,High
15,38.8,120,Low
111,17.2,100,High
57,26.2,60,High
90,18.7,100,High
16,51.0,100,Low
96,42.7,180,Medium
60,37.6,100,Medium
77,46.5,150,Medium
110,18.3,100,High
91,22.7,120,High